Electronics,Pyle PDBT28 1-inch Heavy Duty Titanium Super Tweeter Pyle Pyle PDBT28 1-Inch Heavy Duty Titanium Super Tweeter
Clothing & Accessories,Peter England Men's Solid Slim Fit Formal Shirt This smart slim fit shirt by Peter England  is perfect for work and all formal occasions. This pure cotton shirt features a chest pocket  full sleeves and a crisp cut-away collar.
Household,Fourwalls Artificial Rose Bouquet (26 cm  10 Flower Stems  Blue) Color:Blue   Fourwalls is your one stop solution for all your needs pertaining to artificial flowers  artificial plants  vases  planters and artificial trees. All our products are sourced from China and from the best of manufacturers in our industry. At Fourwalls you are guaranteed to receive the highest of quality of products at the most competitive prices in the industry. We also supply in bulk. Fourwalls offers quality products of the latest trends with great aesthetics  variety  value for money  customer service  packaging and reliability.
Electronics,Sony NWZ-B183F Digital Music Player (Blue) Colour:Blue   Good Sound Quality
Household,Hua You 12-Piece Non-Stick Silicone Bakeware Baking Cake Moulds for Cup Cakes and Muffins(Multicolour  Standard Size) Discover the convenience and easy release of flexible silicone baking moulds. these reusable oven-safe cups in fun colors and exciting shapes are perfect for baking and serving. These cake molds are also very flexible and can be bent and stretched without damage being inflicted on them. Silicone has qualities which prevent cake mixture from sticking  the molds can be as detailed as possible with plenty of nooks and crannies. This is useful when making extravagant cakes  especially for children. Another advantage of silicone cake molds is that they are very transportable and can be taken from one venue to another without fear of damage. they are made of food grade  non-stick  heat-resistant silicone  up to 230 degree c (428 degreef)  cold-resistant up to -50 degree c (-58 degree f) and remain unaffected by freezing. They are resistant to fruit acids and many chemicals also  and are easy to clean and also to store. They are also resistant to foul odors and stains. They can be put in the microwave oven straight from the freezer. They are dishwasher safe and are long lasting  too. You can make your favorite baking dishes and can experiment with these 12 pcs. Silicone baking cups. Product features 12 reusable silicone baking cups made from food grade silicone. Easy and convenient storage. Perfect for cup cakes  muffins  gelatin  snacks  chocolate  ice creams  shell-lined dessert package includes 12 baking silicone cups including 3 heart shaped  3 round  3 flower and 3 square shaped baking silicone cups.Non-stick surface and easy to clean. Safe for oven  microwave  freezer and dishwasher. Resists stains and odors. They are flexible  extremely durable  naturally non-stick  amazingly heat resistant and unaffected by freezing. Fruit-acid resistance and resistance to many chemicals. They provide exceptional baking performance for your favorite recipes. Colours may vary.
Books,A Savage War of Peace: Algeria 1954-1962
Household,Powerpak Artificial PU Leather Mushroom Style Ottoman Pouffe Stool Muddi Footstool for Living Room  Drawing Room  Office  Home  Bedroom  Balcony  Kids room  Garden Indoor / Outdoor Furniture Set of 4 pcs.( Red & Green) A cushioned top and the rich fabric adds a touch of elegance to your living room  bedroom  baby room  garden  entryway  office  study or dorm etc. Strong and durable construction : Solid sturdy mdf construction can support up to 100kg. Strong enough for most people to sit. The comfortable height perfect for resting your tired legs or feet as a foot rest stool  and can be used for sitting as spare seat at the foot of bed  in living room or office. Leather thickness rebound  good softness  sedentary also comfortable  removable  easy to clean  no assembly  save time  Size: 33x28cm.
Clothing & Accessories,SINIMINI Girls Colorful DOT Print Capri (Pack of 4) SINIMINI GIRLS COLORFUL DOT PRINT CAPRI ( PACK OF 4 )
Electronics,CP BIGBASKET - 3110 Portable and Foldable Camera - Tripod with Mobile Clip Holder Bracket  Stand with 3-Dimensional Head 150 gm (Black) Professional-style photographs with help from this basics 50-inch lightweight tripod. The adjustable-height tripod makes it easy to achieve reliable stability and score just the right angle when going after that award-winning shot. A fun and useful camera accessory for both novice and professional photographers alike  the handy tripod accommodates a wide range of digital  video and still cameras with friendly features. Camera cellphone universal tripod capture  awesome pictures and amp  video anywhere with your phone  thanks to the small mini tripod. Set it up where ever you want  on a rock  a couch  the dashboard and easily adjust the flexible tripod legs to level it out. The flexible legs also hold firmly in any position you set them  allowing you to wrap it on a lamp  pole  tree or anything else and capture awesome shots or watch videos from any angle. The compact lightweight design makes it super portable. Six steps to use this tripod: rotate the screw to install the camera. Control the platform easily. Extend and fold the center shaft to change height. Rotate and realize side shot. Rotate and make the platform loose to adjust shooting angle. Left:open right: lock phone holder compatible: apple iPhone 7  iPhone 7 plus  iPhone SE  iPhone 6S  iPhone 6S plus  iPhone 6  iPhone 6 plus  iPhone 5c  iPhone 5s  iPhone 5  iPhone 4s  iPhone 4  Samsung Galaxy s7  Galaxy s7 edge  Samsung Galaxy s6  galaxy s6 edge  s6 edge plus  galaxy s5  Galaxy Note 5  galaxy Note 4  Galaxy alpha  galaxy mega 2  galaxy Note edge  Galaxy s5  galaxy s4 mini  s4  hua wei  LG  HTCand most of the phone with the width and height and universal screw attaches to all tripods and matched for the clamp.
Books,Introductory Macroeconomics - Textbook in Economics for Class - 12  - 12105
Electronics, https://www.youtube.com/watch?v=-f_LbSnGZWI